{"cameraMode":{"drawMode":0,"name":"Shaded","section":"Shading Mode"},"sceneLighting":true,"audioPlay":false,"sceneViewState":{"m_AlwaysRefresh":false,"showFog":true,"showSkybox":true,"showFlares":true,"showImageEffects":true,"showParticleSystems":true,"showVisualEffectGraphs":true,"m_FxEnabled":true},"in2DMode":false,"pivot":{"x":7.906561374664307,"y":1.1625983715057374,"z":2.0869321823120119},"rotation":{"x":0.24587589502334596,"y":-0.0017270655371248723,"z":0.0005480339750647545,"w":0.9693585634231567},"size":9.376978874206543,"orthographic":false}