{"cameraMode":{"drawMode":0,"name":"Shaded","section":"Shading Mode"},"sceneLighting":true,"audioPlay":false,"sceneViewState":{"m_AlwaysRefresh":false,"showFog":true,"showSkybox":true,"showFlares":true,"showImageEffects":true,"showParticleSystems":true,"showVisualEffectGraphs":true,"m_FxEnabled":true},"in2DMode":false,"pivot":{"x":7.221156120300293,"y":1.1956992149353028,"z":-5.004245281219482},"rotation":{"x":-0.3128812611103058,"y":-0.022228961810469629,"z":0.007315021939575672,"w":-0.9495192766189575},"size":2.2633097171783449,"orthographic":false}