{"cameraMode":{"drawMode":0,"name":"Shaded","section":"Shading Mode"},"sceneLighting":true,"audioPlay":false,"sceneViewState":{"m_AlwaysRefresh":false,"showFog":true,"showSkybox":true,"showFlares":true,"showImageEffects":true,"showParticleSystems":true,"showVisualEffectGraphs":true,"m_FxEnabled":true},"in2DMode":false,"pivot":{"x":0.026718199253082277,"y":2.010380268096924,"z":2.3609867095947267},"rotation":{"x":0.004494628868997097,"y":-0.07912479341030121,"z":0.0003851375950034708,"w":0.9968868494033814},"size":6.313618183135986,"orthographic":false}