{"cameraMode":{"drawMode":0,"name":"Shaded","section":"Shading Mode"},"sceneLighting":true,"audioPlay":false,"sceneViewState":{"m_AlwaysRefresh":false,"showFog":true,"showSkybox":true,"showFlares":true,"showImageEffects":true,"showParticleSystems":true,"showVisualEffectGraphs":true,"m_FxEnabled":true},"in2DMode":false,"pivot":{"x":7.906561374664307,"y":1.1625983715057374,"z":2.0869321823120119},"rotation":{"x":0.24867695569992066,"y":-0.027874711900949479,"z":0.007267714478075504,"w":0.9682155251502991},"size":10.853609085083008,"orthographic":false}